IdForm,IdDex,IdRegion,IdEvolution,IdType1,IdType2,Atk,Def,Hp,Sp Atk,Sp Def,Spd
0001-A,1,1,0002-A,1,7,49,49,45,65,65,45
0002-A,2,1,0003-A,1,7,62,63,60,80,80,60
0003-A,3,1,0003-AM,1,7,82,83,80,100,100,80
0003-AM,3,1,,1,7,100,123,80,122,120,80
0004-A,4,1,0005-A,2,,52,43,39,60,50,65
0005-A,5,1,0006-A,2,,64,58,58,80,65,80
0006-A,6,1,0006-AMX,2,18,84,78,78,109,85,100
0006-A,6,1,0006-AMY,2,18,84,78,78,109,85,100
0006-AMX,6,1,,2,17,130,111,78,130,85,100
0006-AMY,6,1,,2,18,104,78,78,159,115,100
0007-A,7,1,0008-A,3,,48,65,44,50,64,43
0008-A,8,1,0009-A,3,,63,80,59,65,80,58
0009-A,9,1,0009-AM,3,,83,100,79,85,105,78
0009-AM,9,1,,3,,103,120,79,135,115,78
0010-A,10,1,0011-A,4,,30,35,45,20,20,45
0011-A,11,1,0012-A,4,,20,55,50,25,25,30
0012-A,12,1,0012-AM,4,18,45,50,60,90,80,70
0013-A,13,1,0014-A,4,7,35,30,40,20,20,50
0014-A,14,1,0015-A,4,7,25,50,45,25,25,35
0015-A,15,1,0015-AM,4,7,90,40,65,45,80,75
0015-AM,15,1,,4,7,150,40,65,15,80,145
0016-A,16,1,0017-A,5,18,45,40,40,35,35,56
0017-A,17,1,0018-A,5,18,60,55,63,50,50,71
0018-A,18,1,0018-AM,5,18,80,75,83,70,70,101
0018-AM,18,1,,5,18,80,80,83,135,80,121
0019-A,19,1,0020-A,5,,56,35,30,25,35,72
0019-B,19,7,0020-B,6,5,56,35,30,25,35,72
0020-A,20,1,,5,,81,60,55,50,70,97
0020-B,20,7,,6,5,71,70,75,40,80,77
0021-A,21,1,0022-A,5,18,60,30,40,31,31,70
0022-A,22,1,,5,18,90,65,65,61,61,100
0023-A,23,1,0024-A,7,,60,44,35,40,54,55
0024-A,24,1,,7,,95,69,60,65,79,80
0025-A,25,1,0026-A,8,,55,40,35,50,50,90
0025-A,25,1,0026-B,8,,55,40,35,50,50,90
0026-A,26,1,0026-AMX,8,,90,55,60,90,80,110
0026-A,26,1,0026-AMY,8,,90,55,60,90,80,110
0026-AMX,26,1,,8,,135,95,60,90,95,110
0026-AMY,26,1,,8,,100,55,60,160,80,130
0026-B,26,7,,8,14,85,50,60,95,85,110
0027-A,27,1,0028-A,9,,75,85,50,20,30,40
0027-B,27,7,0028-B,10,12,75,90,50,10,35,40
0028-A,28,1,,9,,100,110,75,45,55,65
0028-B,28,7,,10,12,100,120,75,25,65,65
0029-A,29,1,0030-A,7,,47,52,55,40,40,41
0030-A,30,1,0031-A,7,,62,67,70,55,55,56
0031-A,31,1,,7,9,92,87,90,75,85,76
0032-A,32,1,0033-A,7,,57,40,46,40,40,50
0033-A,33,1,0034-A,7,,72,57,61,55,55,65
0034-A,34,1,,7,9,102,77,81,85,75,85
0035-A,35,1,0036-A,11,,45,48,70,60,65,35
0036-A,36,1,0036-AM,11,,70,73,95,95,90,60
0036-AM,36,1,,11,18,80,93,95,135,110,70
0037-A,37,1,0038-A,2,,41,40,38,50,65,65
0037-B,37,7,0038-B,10,,41,40,38,50,65,65
0038-A,38,1,,2,,76,75,73,81,100,100
0038-B,38,7,,10,11,67,75,73,81,100,109
0039-A,39,1,0040-A,5,11,45,20,115,45,25,20
0040-A,40,1,,5,11,70,45,140,85,50,45
0041-A,41,1,0042-A,7,18,45,35,40,30,40,55
0042-A,42,1,0169-A,7,18,80,70,75,65,75,90
0043-A,43,1,0044-A,1,7,50,55,45,75,65,30
0044-A,44,1,0182-A,1,7,65,70,60,85,75,40
0044-A,44,1,0045-A,1,7,65,70,60,85,75,40
0045-A,45,1,,1,7,80,85,75,110,90,50
0046-A,46,1,0047-A,4,1,70,55,35,45,55,25
0047-A,47,1,,4,1,95,80,60,60,80,30
0048-A,48,1,0049-A,4,7,55,50,60,40,55,45
0049-A,49,1,,4,7,65,60,70,90,75,90
0050-A,50,1,0051-A,9,,55,25,10,35,45,95
0050-B,50,7,0051-B,9,12,55,30,10,35,45,90
0051-A,51,1,,9,,100,50,35,50,70,120
0051-B,51,7,,9,12,100,60,35,50,70,110
0052-A,52,1,0053-A,5,,45,35,40,40,40,90
0052-B,52,7,0053-B,6,,35,35,40,50,40,90
0052-C,52,8,0863-A,12,,65,55,50,40,40,40
0053-A,53,1,,5,,70,60,65,65,65,115
0053-B,53,7,,6,,60,60,65,75,65,115
0054-A,54,1,0055-A,3,,52,48,50,65,50,55
0055-A,55,1,,3,,82,78,80,95,80,85
0056-A,56,1,0057-A,13,,80,35,40,35,45,70
0057-A,57,1,0979-A,13,,105,60,65,60,70,95
0058-A,58,1,0059-A,2,,70,45,55,70,50,60
0058-B,58,9,0059-B,2,15,75,45,60,65,50,55
0059-A,59,1,,2,,110,80,90,100,80,95
0059-B,59,9,,2,15,115,80,95,95,80,90
0060-A,60,1,0061-A,3,,50,40,40,40,40,90
0061-A,61,1,0186-A,3,,65,65,65,50,50,90
0061-A,61,1,0062-A,3,,65,65,65,50,50,90
0062-A,62,1,,3,13,95,95,90,70,90,70
0063-A,63,1,0064-A,14,,20,15,25,105,55,90
0064-A,64,1,0065-A,14,,35,30,40,120,70,105
0065-A,65,1,0065-AM,14,,50,45,55,135,95,120
0065-AM,65,1,,14,,50,65,55,175,105,150
0066-A,66,1,0067-A,13,,80,50,70,35,35,35
0067-A,67,1,0068-A,13,,100,70,80,50,60,45
0068-A,68,1,,13,,130,80,90,65,85,55
0069-A,69,1,0070-A,1,7,75,35,50,70,30,40
0070-A,70,1,0071-A,1,7,90,50,65,85,45,55
0071-A,71,1,0071-AM,1,7,105,65,80,100,70,70
0071-AM,71,1,,1,7,125,85,80,135,95,70
0072-A,72,1,0073-A,3,7,40,35,40,50,100,70
0073-A,73,1,,3,7,70,65,80,80,120,100
0074-A,74,1,0075-A,15,9,80,100,40,30,30,20
0074-B,74,7,0075-B,15,8,80,100,40,30,30,20
0075-A,75,1,0076-A,15,9,95,115,55,45,45,35
0075-B,75,7,0076-B,15,8,95,115,55,45,45,35
0076-A,76,1,,15,9,120,130,80,55,65,45
0076-B,76,7,,15,8,120,130,80,55,65,45
0077-A,77,1,0078-A,2,,85,55,50,65,65,90
0077-B,77,8,0078-B,14,,85,55,50,65,65,90
0078-A,78,1,,2,,100,70,65,80,80,105
0078-B,78,8,,14,11,100,70,65,80,80,105
0079-A,79,1,0080-A,3,14,65,65,90,40,40,15
0079-A,79,1,0199-A,3,14,65,65,90,40,40,15
0079-B,79,8,0080-B,14,,65,65,90,40,40,15
0079-B,79,8,0199-B,14,,65,65,90,40,40,15
0080-A,80,1,0080-AM,3,14,75,110,95,100,80,30
0080-AM,80,1,,3,14,75,180,95,130,80,30
0080-B,80,8,,7,14,100,95,95,100,70,30
0081-A,81,1,0082-A,8,12,35,70,25,95,55,45
0082-A,82,1,0462-A,8,12,60,95,50,120,70,70
0083-B,83,8,0865-A,13,,95,55,52,58,62,55
0083-A,83,1,,5,18,90,55,52,58,62,60
0084-A,84,1,0085-A,5,18,85,45,35,35,35,75
0085-A,85,1,,5,18,110,70,60,60,60,110
0086-A,86,1,0087-A,3,,45,55,65,45,70,45
0087-A,87,1,,3,10,70,80,90,70,95,70
0088-A,88,1,0089-A,7,,80,50,80,40,50,25
0088-B,88,7,0089-B,7,6,80,50,80,40,50,25
0089-A,89,1,,7,,105,75,105,65,100,50
0089-B,89,7,,7,6,105,75,105,65,100,50
0090-A,90,1,0091-A,3,,65,100,30,45,25,40
0091-A,91,1,,3,10,95,180,50,85,45,70
0092-A,92,1,0093-A,16,7,35,30,30,100,35,80
0093-A,93,1,0094-A,16,7,50,45,45,115,55,95
0094-A,94,1,0094-AM,16,7,65,60,60,130,75,110
0094-AM,94,1,,16,7,65,80,60,170,95,130
0095-A,95,1,0208-A,15,9,45,160,35,30,45,70
0096-A,96,1,0097-A,14,,48,45,60,43,90,42
0097-A,97,1,,14,,73,70,85,73,115,67
0098-A,98,1,0099-A,3,,105,90,30,25,25,50
0099-A,99,1,,3,,130,115,55,50,50,75
0100-A,100,1,0101-A,8,,30,50,40,55,55,100
0100-B,100,9,0101-B,8,1,30,50,40,55,55,100
0101-A,101,1,,8,,50,70,60,80,80,150
0101-B,101,9,,8,1,50,70,60,80,80,150
0102-A,102,1,0103-A,1,14,40,80,60,60,45,40
0102-A,102,1,0103-B,1,14,40,80,60,60,45,40
0103-A,103,1,,1,14,95,85,95,125,75,55
0103-B,103,7,,1,17,105,85,95,125,75,45
0104-A,104,1,0105-A,9,,50,95,50,40,50,35
0104-A,104,1,0105-B,9,,50,95,50,40,50,35
0105-A,105,1,,9,,80,110,60,50,80,45
0105-B,105,7,,2,16,80,110,60,50,80,45
0106-A,106,1,,13,,120,53,50,35,110,87
0107-A,107,1,,13,,105,79,50,35,110,76
0108-A,108,1,0463-A,5,,55,75,90,60,75,30
0109-A,109,1,0110-A,7,,65,95,40,60,45,35
0109-A,109,1,0110-B,7,,65,95,40,60,45,35
0110-A,110,1,,7,,90,120,65,85,70,60
0110-B,110,8,,7,11,90,120,65,85,70,60
0111-A,111,1,0112-A,9,15,85,95,80,30,30,25
0112-A,112,1,0464-A,9,15,130,120,105,45,45,40
0113-A,113,1,0242-A,5,,5,5,250,35,105,50
0114-A,114,1,0465-A,1,,55,115,65,100,40,60
0115-A,115,1,0115-AM,5,,95,80,105,40,80,90
0115-AM,115,1,,5,,125,100,105,60,100,100
0116-A,116,1,0117-A,3,,40,70,30,70,25,60
0117-A,117,1,0230-A,3,,65,95,55,95,45,85
0118-A,118,1,0119-A,3,,67,60,45,35,50,63
0119-A,119,1,,3,,92,65,80,65,80,68
0120-A,120,1,0121-A,3,,45,55,30,70,55,85
0121-A,121,1,0121-AM,3,14,75,85,60,100,85,115
0121-AM,121,1,,3,14,140,105,60,130,105,120
0122-A,122,1,,14,11,45,65,40,100,120,90
0122-B,122,8,,10,14,65,65,50,90,90,100
0123-A,123,1,0900-A,4,18,110,80,70,55,80,105
0123-A,123,1,0212-A,4,18,110,80,70,55,80,105
0124-A,124,1,,10,14,50,35,65,115,95,95
0125-A,125,1,0466-A,8,,83,57,65,95,85,105
0126-A,126,1,0467-A,2,,95,57,65,100,85,93
0127-A,127,1,0127-AM,4,,125,100,65,55,70,85
0127-AM,127,1,,4,18,155,120,65,65,90,105
0128-A,128,1,,5,,100,95,75,40,70,110
0128-B,128,10,,13,,110,105,75,30,70,100
0128-C,128,10,,13,2,110,105,75,30,70,100
0128-D,128,10,,13,3,110,105,75,30,70,100
0129-A,129,1,0130-A,3,,10,55,20,15,20,80
0130-A,130,1,0130-AM,3,18,125,79,95,60,100,81
0130-AM,130,1,,3,6,155,109,95,70,130,81
0131-A,131,1,,3,10,85,80,130,85,95,60
0132-A,132,1,,5,,48,48,48,48,48,48
0133-A,133,1,0196-A,5,,55,50,55,45,65,55
0133-A,133,1,0136-A,5,,55,50,55,45,65,55
0133-A,133,1,0471-A,5,,55,50,55,45,65,55
0133-A,133,1,0135-A,5,,55,50,55,45,65,55
0133-A,133,1,0470-A,5,,55,50,55,45,65,55
0133-A,133,1,0700-A,5,,55,50,55,45,65,55
0133-A,133,1,0197-A,5,,55,50,55,45,65,55
0133-A,133,1,0134-A,5,,55,50,55,45,65,55
0134-A,134,1,,3,,65,60,130,110,95,65
0135-A,135,1,,8,,65,60,65,110,95,130
0136-A,136,1,,2,,130,60,65,95,110,65
0137-A,137,1,0233-A,5,,60,70,65,85,75,40
0138-A,138,1,0139-A,15,3,40,100,35,90,55,35
0139-A,139,1,,15,3,60,125,70,115,70,55
0140-A,140,1,0141-A,15,3,80,90,30,55,45,55
0141-A,141,1,,15,3,115,105,60,65,70,80
0142-A,142,1,0142-AM,15,18,105,65,80,60,75,130
0142-AM,142,1,,15,18,135,85,80,70,95,150
0143-A,143,1,,5,,110,65,160,65,110,30
0144-A,144,1,,10,18,85,100,90,95,125,85
0144-B,144,8,,14,18,85,85,90,125,100,95
0145-A,145,1,,8,18,90,85,90,125,90,100
0145-B,145,8,,13,18,125,90,90,85,90,100
0146-A,146,1,,2,18,100,90,90,125,85,90
0146-B,146,8,,6,18,85,90,90,100,125,90
0147-A,147,1,0148-A,17,,64,45,41,50,50,50
0148-A,148,1,0149-A,17,,84,65,61,70,70,70
0149-A,149,1,0149-AM,17,18,134,95,91,100,100,80
0149-AM,149,1,,17,18,124,115,91,145,125,100
0150-A,150,1,0150-AMX,14,,110,90,106,154,90,130
0150-A,150,1,0150-AMY,14,,110,90,106,154,90,130
0150-AMX,150,1,,14,13,190,100,106,154,100,130
0150-AMY,150,1,,14,,150,70,106,194,120,140
0151-A,151,1,,14,,100,100,100,100,100,100
0152-A,152,2,0153-A,1,,49,65,45,49,65,45
0153-A,153,2,0154-A,1,,62,80,60,63,80,60
0154-A,154,2,0154-AM,1,,82,100,80,83,100,80
0154-AM,154,2,,1,11,92,115,80,143,115,80
0155-A,155,2,0156-A,2,,52,43,39,60,50,65
0156-A,156,2,0157-B,2,,64,58,58,80,65,80
0156-A,156,2,0157-A,2,,64,58,58,80,65,80
0157-A,157,2,,2,,84,78,78,109,85,100
0157-B,157,9,,2,16,84,78,73,119,85,95
0158-A,158,2,0159-A,3,,65,64,50,44,48,43
0159-A,159,2,0160-A,3,,80,80,65,59,63,58
0160-A,160,2,0160-AM,3,,105,100,85,79,83,78
0160-AM,160,2,,3,17,160,125,85,89,93,78
0161-A,161,2,0162-A,5,,46,34,35,35,45,20
0162-A,162,2,,5,,76,64,85,45,55,90
0163-A,163,2,0164-A,5,18,30,30,60,36,56,50
0164-A,164,2,,5,18,50,50,100,86,96,70
0165-A,165,2,0166-A,4,18,20,30,40,40,80,55
0166-A,166,2,,4,18,35,50,55,55,110,85
0167-A,167,2,0168-A,4,7,60,40,40,40,40,30
0168-A,168,2,,4,7,90,70,70,60,70,40
0169-A,169,2,,7,18,90,80,85,70,80,130
0170-A,170,2,0171-A,3,8,38,38,75,56,56,67
0171-A,171,2,,3,8,58,58,125,76,76,67
0172-A,172,2,0025-A,8,,40,15,20,35,35,60
0173-A,173,2,0035-A,11,,25,28,50,45,55,15
0174-A,174,2,0039-A,5,11,30,15,90,40,20,15
0175-A,175,2,0176-A,11,,20,65,35,40,65,20
0176-A,176,2,0468-A,11,18,40,85,55,80,105,40
0177-A,177,2,0178-A,14,18,50,45,40,70,45,70
0178-A,178,2,,14,18,75,70,65,95,70,95
0179-A,179,2,0180-A,8,,40,40,55,65,45,35
0180-A,180,2,0181-A,8,,55,55,70,80,60,45
0181-A,181,2,0181-AM,8,,75,85,90,115,90,55
0181-AM,181,2,,8,17,95,105,90,165,110,45
0182-A,182,2,,1,,80,95,75,90,100,50
0183-A,183,2,0184-A,3,11,20,50,70,20,50,40
0184-A,184,2,,3,11,50,80,100,60,80,50
0185-A,185,2,,15,,100,115,70,30,65,30
0186-A,186,2,,3,,75,75,90,90,100,70
0187-A,187,2,0188-A,1,18,35,40,35,35,55,50
0188-A,188,2,0189-A,1,18,45,50,55,45,65,80
0189-A,189,2,,1,18,55,70,75,55,95,110
0190-A,190,2,0424-A,5,,70,55,55,40,55,85
0191-A,191,2,0192-A,1,,30,30,30,30,30,30
0192-A,192,2,,1,,75,55,75,105,85,30
0193-A,193,2,0469-A,4,18,65,45,65,75,45,95
0194-A,194,2,0195-A,3,9,45,45,55,25,25,15
0194-B,194,10,0980-A,7,9,45,45,55,25,25,15
0195-A,195,2,,3,9,85,85,95,65,65,35
0196-A,196,2,,14,,65,60,65,130,95,110
0197-A,197,2,,6,,65,110,95,60,130,65
0198-A,198,2,0430-A,6,18,85,42,60,85,42,91
0199-A,199,2,,3,14,75,80,95,100,110,30
0199-B,199,8,,7,14,65,80,95,110,110,30
0200-A,200,2,0429-A,16,,60,60,60,85,85,85
0201-A,201,2,,14,,72,48,48,72,48,48
0202-A,202,2,,14,,33,58,190,33,58,33
0203-A,203,2,0981-A,5,14,80,65,70,90,65,85
0204-A,204,2,0205-A,4,,65,90,50,35,35,15
0205-A,205,2,,4,12,90,140,75,60,60,40
0206-A,206,2,0982-A,5,,70,70,100,65,65,45
0207-A,207,2,0472-A,9,18,75,105,65,35,65,85
0208-A,208,2,0208-AM,12,9,85,200,75,55,65,30
0208-AM,208,2,,12,9,125,230,75,55,95,30
0209-A,209,2,0210-A,11,,80,50,60,40,40,30
0210-A,210,2,,11,,120,75,90,60,60,45
0211-A,211,2,,3,7,95,85,65,55,55,85
0211-B,211,9,0904-A,6,7,95,85,65,55,55,85
0212-A,212,2,0212-AM,4,12,130,100,70,55,80,65
0212-AM,212,2,,4,12,150,140,70,65,100,75
0213-A,213,2,,4,15,10,230,20,10,230,5
0214-A,214,2,0214-AM,4,13,125,75,80,40,95,85
0214-AM,214,2,,4,13,185,115,80,40,105,75
0215-A,215,2,0461-A,6,10,95,55,55,35,75,115
0215-B,215,9,0903-A,13,7,95,55,55,35,75,115
0216-A,216,2,0217-A,5,,80,50,60,50,50,40
0217-A,217,2,0901-A,5,,130,75,90,75,75,55
0218-A,218,2,0219-A,2,,40,40,40,70,40,20
0219-A,219,2,,2,15,50,120,60,90,80,30
0220-A,220,2,0221-A,10,9,50,40,50,30,30,50
0221-A,221,2,0473-A,10,9,100,80,100,60,60,50
0222-A,222,2,,3,15,55,95,65,65,95,35
0222-B,222,8,0864-A,16,,55,100,60,65,100,30
0223-A,223,2,0224-A,3,,65,35,35,65,35,65
0224-A,224,2,,3,,105,75,75,105,75,45
0225-A,225,2,,10,18,55,45,45,65,45,75
0226-A,226,2,,3,18,40,70,85,80,140,70
0227-A,227,2,0227-AM,12,18,80,140,65,40,70,70
0227-AM,227,2,,12,18,140,110,65,40,100,110
0228-A,228,2,0229-A,6,2,60,30,45,80,50,65
0229-A,229,2,0229-AM,6,2,90,50,75,110,80,95
0229-AM,229,2,,6,2,90,90,75,140,90,115
0230-A,230,2,,3,17,95,95,75,95,95,85
0231-A,231,2,0232-A,9,,60,60,90,40,40,40
0232-A,232,2,,9,,120,120,90,60,60,50
0233-A,233,2,0474-A,5,,80,90,85,105,95,60
0234-A,234,2,0899-A,5,,95,62,73,85,65,85
0235-A,235,2,,5,,20,35,55,20,45,75
0236-A,236,2,0107-A,13,,35,35,35,35,35,35
0236-A,236,2,0106-A,13,,35,35,35,35,35,35
0236-A,236,2,0237-A,13,,35,35,35,35,35,35
0237-A,237,2,,13,,95,95,50,35,110,70
0238-A,238,2,0124-A,10,14,30,15,45,85,65,65
0239-A,239,2,0125-A,8,,63,37,45,65,55,95
0240-A,240,2,0126-A,2,,75,37,45,70,55,83
0241-A,241,2,,5,,80,105,95,40,70,100
0242-A,242,2,,5,,10,10,255,75,135,55
0243-A,243,2,,8,,85,75,90,115,100,115
0244-A,244,2,,2,,115,85,115,90,75,100
0245-A,245,2,,3,,75,115,100,90,115,85
0246-A,246,2,0247-A,15,9,64,50,50,45,50,41
0247-A,247,2,0248-A,15,9,84,70,70,65,70,51
0248-A,248,2,0248-AM,15,6,134,110,100,95,100,61
0248-AM,248,2,,15,6,164,150,100,95,120,71
0249-A,249,2,,14,18,90,130,106,90,154,110
0250-A,250,2,,2,18,130,90,106,110,154,90
0251-A,251,2,,14,1,100,100,100,100,100,100
0252-A,252,3,0253-A,1,,45,35,40,65,55,70
0253-A,253,3,0254-A,1,,65,45,50,85,65,95
0254-A,254,3,0254-AM,1,,85,65,70,105,85,120
0254-AM,254,3,,1,17,110,75,70,145,85,145
0255-A,255,3,0256-A,2,,60,40,45,70,50,45
0256-A,256,3,0257-A,2,13,85,60,60,85,60,55
0257-A,257,3,0257-AM,2,13,120,70,80,110,70,80
0257-AM,257,3,,2,13,160,80,80,130,80,100
0258-A,258,3,0259-A,3,,70,50,50,50,50,40
0259-A,259,3,0260-A,3,9,85,70,70,60,70,50
0260-A,260,3,0260-AM,3,9,110,90,100,85,90,60
0260-AM,260,3,,3,9,150,110,100,95,110,70
0261-A,261,3,0262-A,6,,55,35,35,30,30,35
0262-A,262,3,,6,,90,70,70,60,60,70
0263-A,263,3,0264-A,5,,30,41,38,30,41,60
0263-B,263,8,0264-B,6,5,30,41,38,30,41,60
0264-B,264,8,0862-A,6,5,70,61,78,50,61,100
0264-A,264,3,,5,,70,61,78,50,61,100
0265-A,265,3,0268-A,4,,45,35,45,20,30,20
0265-A,265,3,0266-A,4,,45,35,45,20,30,20
0266-A,266,3,0267-A,4,,35,55,50,25,25,15
0267-A,267,3,,4,18,70,50,60,100,50,65
0268-A,268,3,0269-A,4,,35,55,50,25,25,15
0269-A,269,3,,4,7,50,70,60,50,90,65
0270-A,270,3,0271-A,3,1,30,30,40,40,50,30
0271-A,271,3,0272-A,3,1,50,50,60,60,70,50
0272-A,272,3,,3,1,70,70,80,90,100,70
0273-A,273,3,0274-A,1,,40,50,40,30,30,30
0274-A,274,3,0275-A,1,6,70,40,70,60,40,60
0275-A,275,3,,1,6,100,60,90,90,60,80
0276-A,276,3,0277-A,5,18,55,30,40,30,30,85
0277-A,277,3,,5,18,85,60,60,75,50,125
0278-A,278,3,0279-A,3,18,30,30,40,55,30,85
0279-A,279,3,,3,18,50,100,60,95,70,65
0280-A,280,3,0281-A,14,11,25,25,28,45,35,40
0281-A,281,3,0475-A,14,11,35,35,38,65,55,50
0281-A,281,3,0282-A,14,11,35,35,38,65,55,50
0282-A,282,3,0282-AM,14,11,65,65,68,125,115,80
0282-AM,282,3,,14,11,85,65,68,165,135,100
0283-A,283,3,0284-A,4,3,30,32,40,50,52,65
0284-A,284,3,,4,18,60,62,70,100,82,80
0285-A,285,3,0286-A,1,,40,60,60,40,60,35
0286-A,286,3,,1,13,130,80,60,60,60,70
0287-A,287,3,0288-A,5,,60,60,60,35,35,30
0288-A,288,3,0289-A,5,,80,80,80,55,55,90
0289-A,289,3,,5,,160,100,150,95,65,100
0290-A,290,3,0291-A,4,9,45,90,31,30,30,40
0290-A,290,3,0292-A,4,9,45,90,31,30,30,40
0291-A,291,3,,4,18,90,45,61,50,50,160
0292-A,292,3,,4,16,90,45,1,30,30,40
0293-A,293,3,0294-A,5,,51,23,64,51,23,28
0294-A,294,3,0295-A,5,,71,43,84,71,43,48
0295-A,295,3,,5,,91,63,104,91,73,68
0296-A,296,3,0297-A,13,,60,30,72,20,30,25
0297-A,297,3,,13,,120,60,144,40,60,50
0298-A,298,3,0183-A,5,11,20,40,50,20,40,20
0299-A,299,3,0476-A,15,,45,135,30,45,90,30
0300-A,300,3,0301-A,5,,45,45,50,35,35,50
0301-A,301,3,,5,,65,65,70,55,55,90
0302-A,302,3,0302-AM,6,16,75,75,50,65,65,50
0302-AM,302,3,,6,16,85,125,50,65,115,20
0303-A,303,3,0303-AM,12,11,85,85,50,55,55,50
0303-AM,303,3,,12,11,105,125,50,55,95,50
0304-A,304,3,0305-A,12,15,70,100,50,40,40,30
0305-A,305,3,0306-A,12,15,90,140,60,50,50,40
0306-A,306,3,0306-AM,12,15,110,180,70,60,60,50
0306-AM,306,3,,12,,140,230,70,60,80,50
0307-A,307,3,0308-A,13,14,40,55,30,40,55,60
0308-A,308,3,0308-AM,13,14,60,75,60,60,75,80
0308-AM,308,3,,13,14,100,85,60,80,85,100
0309-A,309,3,0310-A,8,,45,40,40,65,40,65
0310-A,310,3,0310-AM,8,,75,60,70,105,60,105
0310-AM,310,3,,8,,75,80,70,135,80,135
0311-A,311,3,,8,,50,40,60,85,75,95
0312-A,312,3,,8,,40,50,60,75,85,95
0313-A,313,3,,4,,73,75,65,47,85,85
0314-A,314,3,,4,,47,75,65,73,85,85
0315-A,315,3,0407-A,1,7,60,45,50,100,80,65
0316-A,316,3,0317-A,7,,43,53,70,43,53,40
0317-A,317,3,,7,,73,83,100,73,83,55
0318-A,318,3,0319-A,3,6,90,20,45,65,20,65
0319-A,319,3,0319-AM,3,6,120,40,70,95,40,95
0319-AM,319,3,,3,6,140,70,70,110,65,105
0320-A,320,3,0321-A,3,,70,35,130,70,35,60
0321-A,321,3,,3,,90,45,170,90,45,60
0322-A,322,3,0323-A,2,9,60,40,60,65,45,35
0323-A,323,3,0323-AM,2,9,100,70,70,105,75,40
0323-AM,323,3,,2,9,120,100,70,145,105,20
0324-A,324,3,,2,,85,140,70,85,70,20
0325-A,325,3,0326-A,14,,25,35,60,70,80,60
0326-A,326,3,,14,,45,65,80,90,110,80
0327-A,327,3,,5,,60,60,60,60,60,60
0328-A,328,3,0329-A,9,,100,45,45,45,45,10
0329-A,329,3,0330-A,9,17,70,50,50,50,50,70
0330-A,330,3,,9,17,100,80,80,80,80,100
0331-A,331,3,0332-A,1,,85,40,50,85,40,35
0332-A,332,3,,1,6,115,60,70,115,60,55
0333-A,333,3,0334-A,5,18,40,60,45,40,75,50
0334-A,334,3,0334-AM,17,18,70,90,75,70,105,80
0334-AM,334,3,,17,11,110,110,75,110,105,80
0335-A,335,3,,5,,115,60,73,60,60,90
0336-A,336,3,,7,,100,60,73,100,60,65
0337-A,337,3,,15,14,55,65,90,95,85,70
0338-A,338,3,,15,14,95,85,90,55,65,70
0339-A,339,3,0340-A,3,9,48,43,50,46,41,60
0340-A,340,3,,3,9,78,73,110,76,71,60
0341-A,341,3,0342-A,3,,80,65,43,50,35,35
0342-A,342,3,,3,6,120,85,63,90,55,55
0343-A,343,3,0344-A,9,14,40,55,40,40,70,55
0344-A,344,3,,9,14,70,105,60,70,120,75
0345-A,345,3,0346-A,15,1,41,77,66,61,87,23
0346-A,346,3,,15,1,81,97,86,81,107,43
0347-A,347,3,0348-A,15,4,95,50,45,40,50,75
0348-A,348,3,,15,4,125,100,75,70,80,45
0349-A,349,3,0350-A,3,,15,20,20,10,55,80
0350-A,350,3,,3,,60,79,95,100,125,81
0351-A,351,3,,5,,70,70,70,70,70,70
0351-B,351,3,,2,,70,70,70,70,70,70
0351-C,351,3,,3,,70,70,70,70,70,70
0351-D,351,3,,10,,70,70,70,70,70,70
0352-A,352,3,,5,,90,70,60,60,120,40
0353-A,353,3,0354-A,16,,75,35,44,63,33,45
0354-A,354,3,0354-AM,16,,115,65,64,83,63,65
0354-AM,354,3,,16,,165,75,64,93,83,75
0355-A,355,3,0356-A,16,,40,90,20,30,90,25
0356-A,356,3,0477-A,16,,70,130,40,60,130,25
0357-A,357,3,,1,18,68,83,99,72,87,51
0358-A,358,3,0358-AM,14,,50,80,75,95,90,65
0358-AM,358,3,,14,12,50,110,75,135,120,65
0359-A,359,3,0359-AM,6,,130,60,65,75,60,75
0359-A,359,3,0359-AMZ,6,,130,60,65,75,60,75
0359-AM,359,3,,6,,150,60,65,115,60,115
0359-AMZ,359,3,,6,16,154,60,65,75,60,151
0360-A,360,3,0202-A,14,,23,48,95,23,48,23
0361-A,361,3,0478-A,10,,50,50,50,50,50,50
0361-A,361,3,0362-A,10,,50,50,50,50,50,50
0362-A,362,3,0362-AM,10,,80,80,80,80,80,80
0362-AM,362,3,,10,,120,80,80,120,80,100
0363-A,363,3,0364-A,10,3,40,50,70,55,50,25
0364-A,364,3,0365-A,10,3,60,70,90,75,70,45
0365-A,365,3,,10,3,80,90,110,95,90,65
0366-A,366,3,0368-A,3,,64,85,35,74,55,32
0366-A,366,3,0367-A,3,,64,85,35,74,55,32
0367-A,367,3,,3,,104,105,55,94,75,52
0368-A,368,3,,3,,84,105,55,114,75,52
0369-A,369,3,,3,15,90,130,100,45,65,55
0370-A,370,3,,3,,30,55,43,40,65,97
0371-A,371,3,0372-A,17,,75,60,45,40,30,50
0372-A,372,3,0373-A,17,,95,100,65,60,50,50
0373-A,373,3,0373-AM,17,18,135,80,95,110,80,100
0373-AM,373,3,,17,18,145,130,95,120,90,120
0374-A,374,3,0375-A,12,14,55,80,40,35,60,30
0375-A,375,3,0376-A,12,14,75,100,60,55,80,50
0376-A,376,3,0376-AM,12,14,135,130,80,95,90,70
0376-AM,376,3,,12,14,145,150,80,105,110,110
0377-A,377,3,,15,,100,200,80,50,100,50
0378-A,378,3,,10,,50,100,80,100,200,50
0379-A,379,3,,12,,75,150,80,75,150,50
0380-A,380,3,0380-AM,17,14,80,90,80,110,130,110
0380-AM,380,3,,17,14,100,120,80,140,150,110
0381-A,381,3,0381-AM,17,14,90,80,80,130,110,110
0381-AM,381,3,,17,14,130,100,80,160,120,110
0382-A,382,3,,3,,100,90,100,150,140,90
0382-B,382,3,,3,,150,90,100,180,160,90
0383-A,383,3,,9,,150,140,100,100,90,90
0383-B,383,3,,9,2,180,160,100,150,90,90
0384-A,384,3,0384-AM,17,18,150,90,105,150,90,95
0384-AM,384,3,,17,18,180,100,105,180,100,115
0385-A,385,3,,12,14,100,100,100,100,100,100
0386-A,386,3,,14,,150,50,50,150,50,150
0386-B,386,3,,14,,180,20,50,180,20,150
0386-C,386,3,,14,,70,160,50,70,160,90
0386-D,386,3,,14,,95,90,50,95,90,180
0387-A,387,4,0388-A,1,,68,64,55,45,55,31
0388-A,388,4,0389-A,1,,89,85,75,55,65,36
0389-A,389,4,,1,9,109,105,95,75,85,56
0390-A,390,4,0391-A,2,,58,44,44,58,44,61
0391-A,391,4,0392-A,2,13,78,52,64,78,52,81
0392-A,392,4,,2,13,104,71,76,104,71,108
0393-A,393,4,0394-A,3,,51,53,53,61,56,40
0394-A,394,4,0395-A,3,,66,68,64,81,76,50
0395-A,395,4,,3,12,86,88,84,111,101,60
0396-A,396,4,0397-A,5,18,55,30,40,30,30,60
0397-A,397,4,0398-A,5,18,75,50,55,40,40,80
0398-A,398,4,0398-AM,5,18,120,70,85,50,60,100
0398-AM,398,4,,13,18,140,100,85,60,90,110
0399-A,399,4,0400-A,5,,45,40,59,35,40,31
0400-A,400,4,,5,3,85,60,79,55,60,71
0401-A,401,4,0402-A,4,,25,41,37,25,41,25
0402-A,402,4,,4,,85,51,77,55,51,65
0403-A,403,4,0404-A,8,,65,34,45,40,34,45
0404-A,404,4,0405-A,8,,85,49,60,60,49,60
0405-A,405,4,,8,,120,79,80,95,79,70
0406-A,406,4,0315-A,1,7,30,35,40,50,70,55
0407-A,407,4,,1,7,70,65,60,125,105,90
0408-A,408,4,0409-A,15,,125,40,67,30,30,58
0409-A,409,4,,15,,165,60,97,65,50,58
0410-A,410,4,0411-A,15,12,42,118,30,42,88,30
0411-A,411,4,,15,12,52,168,60,47,138,30
0412-A,412,4,0414-A,4,,29,45,40,29,45,36
0412-A,412,4,0413-A,4,,29,45,40,29,45,36
0412-A,412,4,0413-B,4,,29,45,40,29,45,36
0412-A,412,4,0413-C,4,,29,45,40,29,45,36
0413-A,413,4,,4,1,59,85,60,79,105,36
0413-B,413,4,,4,9,79,105,60,59,85,36
0413-C,413,4,,4,12,69,95,60,69,95,36
0414-A,414,4,,4,18,94,50,70,94,50,66
0415-A,415,4,0416-A,4,18,30,42,30,30,42,70
0416-A,416,4,,4,18,80,102,70,80,102,40
0417-A,417,4,,8,,45,70,60,45,90,95
0418-A,418,4,0419-A,3,,65,35,55,60,30,85
0419-A,419,4,,3,,105,55,85,85,50,115
0420-A,420,4,0421-A,1,,35,45,45,62,53,35
0421-A,421,4,,1,,60,70,70,87,78,85
0422-A,422,4,0423-A,3,,48,48,76,57,62,34
0423-A,423,4,,3,9,83,68,111,92,82,39
0424-A,424,4,,5,,100,66,75,60,66,115
0425-A,425,4,0426-A,16,18,50,34,90,60,44,70
0426-A,426,4,,16,18,80,44,150,90,54,80
0427-A,427,4,0428-A,5,,66,44,55,44,56,85
0428-A,428,4,0428-AM,5,,76,84,65,54,96,105
0428-AM,428,4,,5,13,136,94,65,54,96,135
0429-A,429,4,,16,,60,60,60,105,105,105
0430-A,430,4,,6,18,125,52,100,105,52,71
0431-A,431,4,0432-A,5,,55,42,49,42,37,85
0432-A,432,4,,5,,82,64,71,64,59,112
0433-A,433,4,0358-A,14,,30,50,45,65,50,45
0434-A,434,4,0435-A,7,6,63,47,63,41,41,74
0435-A,435,4,,7,6,93,67,103,71,61,84
0436-A,436,4,0437-A,12,14,24,86,57,24,86,23
0437-A,437,4,,12,14,89,116,67,79,116,33
0438-A,438,4,0185-A,15,,80,95,50,10,45,10
0439-A,439,4,,14,11,25,45,20,70,90,60
0440-A,440,4,0113-A,5,,5,5,100,15,65,30
0441-A,441,4,,5,18,65,45,76,92,42,91
0442-A,442,4,,16,6,92,108,50,92,108,35
0443-A,443,4,0444-A,17,9,70,45,58,40,45,42
0444-A,444,4,0445-A,17,9,90,65,68,50,55,82
0445-A,445,4,0445-AM,17,9,130,95,108,80,85,102
0445-A,445,4,0445-AMZ,17,9,130,95,108,80,85,102
0445-AM,445,4,,17,9,170,115,108,120,95,92
0445-AMZ,445,4,,17,,130,85,108,141,85,151
0446-A,446,4,0143-A,5,,85,40,135,40,85,5
0447-A,447,4,0448-A,13,,70,40,40,35,40,60
0448-A,448,4,0448-AM,13,12,110,70,70,115,70,90
0448-A,448,4,0448-AMZ,13,12,110,70,70,115,70,90
0448-AM,448,4,,13,12,145,88,70,140,70,112
0448-AMZ,448,4,,13,12,100,70,70,164,70,151
0449-A,449,4,0450-A,9,,72,78,68,38,42,32
0450-A,450,4,,9,,112,118,108,68,72,47
0451-A,451,4,0452-A,7,4,50,90,40,30,55,65
0452-A,452,4,,7,6,90,110,70,60,75,95
0453-A,453,4,0454-A,7,13,61,40,48,61,40,50
0454-A,454,4,,7,13,106,65,83,86,65,85
0455-A,455,4,,1,,100,72,74,90,72,46
0456-A,456,4,0457-A,3,,49,56,49,49,61,66
0457-A,457,4,,3,,69,76,69,69,86,91
0458-A,458,4,0226-A,3,18,20,50,45,60,120,50
0459-A,459,4,0460-A,1,10,62,50,60,62,60,40
0460-A,460,4,0460-AM,1,10,92,75,90,92,85,60
0460-AM,460,4,,1,10,132,105,90,132,105,30
0461-A,461,4,,6,10,120,65,70,45,85,125
0462-A,462,4,,8,12,70,115,70,130,90,60
0463-A,463,4,,5,,85,95,110,80,95,50
0464-A,464,4,,9,15,140,130,115,55,55,40
0465-A,465,4,,1,,100,125,100,110,50,50
0466-A,466,4,,8,,123,67,75,95,85,95
0467-A,467,4,,2,,95,67,75,125,95,83
0468-A,468,4,,11,18,50,95,85,120,115,80
0469-A,469,4,,4,18,76,86,86,116,56,95
0470-A,470,4,,1,,110,130,65,60,65,95
0471-A,471,4,,10,,60,110,65,130,95,65
0472-A,472,4,,9,18,95,125,75,45,75,95
0473-A,473,4,,10,9,130,80,110,70,60,80
0474-A,474,4,,5,,80,70,85,135,75,90
0475-A,475,4,0475-AM,14,13,125,65,68,65,115,80
0475-AM,475,4,,14,13,165,95,68,65,115,110
0476-A,476,4,,15,12,55,145,60,75,150,40
0477-A,477,4,,16,,100,135,45,65,135,45
0478-A,478,4,0478-AM,10,16,80,70,70,80,70,110
0478-AM,478,4,,10,16,80,70,70,140,100,120
0479-A,479,4,,8,16,50,77,50,95,77,91
0479-B,479,4,,8,2,65,107,50,105,107,86
0479-C,479,4,,8,3,65,107,50,105,107,86
0479-D,479,4,,8,10,65,107,50,105,107,86
0479-E,479,4,,8,18,65,107,50,105,107,86
0479-F,479,4,,8,1,65,107,50,105,107,86
0480-A,480,4,,14,,75,130,75,75,130,95
0481-A,481,4,,14,,105,105,80,105,105,80
0482-A,482,4,,14,,125,70,75,125,70,115
0483-A,483,4,,12,17,120,120,100,150,100,90
0483-B,483,4,,12,17,100,120,100,150,120,90
0484-A,484,4,,3,17,120,100,90,150,120,100
0484-B,484,4,,3,17,100,100,90,150,120,120
0485-A,485,4,0485-AM,2,12,90,106,91,130,106,77
0485-AM,485,4,,2,12,120,106,91,175,141,67
0486-A,486,4,,5,,160,110,110,80,110,100
0487-A,487,4,,16,17,100,120,150,100,120,90
0487-B,487,4,,16,17,120,100,150,120,100,90
0488-A,488,4,,14,,70,110,120,75,120,85
0489-A,489,4,,3,,80,80,80,80,80,80
0490-A,490,4,,3,,100,100,100,100,100,100
0491-A,491,4,0491-AM,6,,90,90,70,135,90,125
0491-AM,491,4,,6,,120,130,70,165,130,85
0492-A,492,4,,1,,100,100,100,100,100,100
0492-B,492,4,,1,18,103,75,100,120,75,127
0493-A,493,4,,5,,120,120,120,120,120,120
0494-A,494,5,,14,2,100,100,100,100,100,100
0495-A,495,5,0496-A,1,,45,55,45,45,55,63
0496-A,496,5,0497-A,1,,60,75,60,60,75,83
0497-A,497,5,,1,,75,95,75,75,95,113
0498-A,498,5,0499-A,2,,63,45,65,45,45,45
0499-A,499,5,0500-A,2,13,93,55,90,70,55,55
0500-A,500,5,0500-AM,2,13,123,65,110,100,65,65
0500-AM,500,5,,2,13,148,75,110,110,110,75
0501-A,501,5,0502-A,3,,55,45,55,63,45,45
0502-A,502,5,0503-A,3,,75,60,75,83,60,60
0502-A,502,5,0503-B,3,,75,60,75,83,60,60
0503-A,503,5,,3,,100,85,95,108,70,70
0503-B,503,9,,3,6,108,80,90,100,65,85
0504-A,504,5,0505-A,5,,55,39,45,35,39,42
0505-A,505,5,,5,,85,69,60,60,69,77
0506-A,506,5,0507-A,5,,60,45,45,25,45,55
0507-A,507,5,0508-A,5,,80,65,65,35,65,60
0508-A,508,5,,5,,110,90,85,45,90,80
0509-A,509,5,0510-A,6,,50,37,41,50,37,66
0510-A,510,5,,6,,88,50,64,88,50,106
0511-A,511,5,0512-A,1,,53,48,50,53,48,64
0512-A,512,5,,1,,98,63,75,98,63,101
0513-A,513,5,0514-A,2,,53,48,50,53,48,64
0514-A,514,5,,2,,98,63,75,98,63,101
0515-A,515,5,0516-A,3,,53,48,50,53,48,64
0516-A,516,5,,3,,98,63,75,98,63,101
0517-A,517,5,0518-A,14,,25,45,76,67,55,24
0518-A,518,5,,14,,55,85,116,107,95,29
0519-A,519,5,0520-A,5,18,55,50,50,36,30,43
0520-A,520,5,0521-A,5,18,77,62,62,50,42,65
0521-A,521,5,,5,18,115,80,80,65,55,93
0522-A,522,5,0523-A,8,,60,32,45,50,32,76
0523-A,523,5,,8,,100,63,75,80,63,116
0524-A,524,5,0525-A,15,,75,85,55,25,25,15
0525-A,525,5,0526-A,15,,105,105,70,50,40,20
0526-A,526,5,,15,,135,130,85,60,80,25
0527-A,527,5,0528-A,14,18,45,43,65,55,43,72
0528-A,528,5,,14,18,57,55,67,77,55,114
0529-A,529,5,0530-A,9,,85,40,60,30,45,68
0530-A,530,5,0530-AM,9,12,135,60,110,50,65,88
0530-AM,530,5,,9,12,165,100,110,65,65,103
0531-A,531,5,0531-AM,5,,60,86,103,60,86,50
0531-AM,531,5,,5,11,60,126,103,80,126,50
0532-A,532,5,0533-A,13,,80,55,75,25,35,35
0533-A,533,5,0534-A,13,,105,85,85,40,50,40
0534-A,534,5,,13,,140,95,105,55,65,45
0535-A,535,5,0536-A,3,,50,40,50,50,40,64
0536-A,536,5,0537-A,3,9,65,55,75,65,55,69
0537-A,537,5,,3,9,95,75,105,85,75,74
0538-A,538,5,,13,,100,85,120,30,85,45
0539-A,539,5,,13,,125,75,75,30,75,85
0540-A,540,5,0541-A,4,1,53,70,45,40,60,42
0541-A,541,5,0542-A,4,1,63,90,55,50,80,42
0542-A,542,5,,4,1,103,80,75,70,80,92
0543-A,543,5,0544-A,4,7,45,59,30,30,39,57
0544-A,544,5,0545-A,4,7,55,99,40,40,79,47
0545-A,545,5,0545-AM,4,7,100,89,60,55,69,112
0545-AM,545,5,,4,7,140,149,60,75,99,62
0546-A,546,5,0547-A,1,11,27,60,40,37,50,66
0547-A,547,5,,1,11,67,85,60,77,75,116
0548-A,548,5,0549-A,1,,35,50,45,70,50,30
0548-A,548,5,0549-B,1,,35,50,45,70,50,30
0549-A,549,5,,1,,60,75,70,110,75,90
0549-B,549,9,,1,13,105,75,70,50,75,105
0550-A,550,5,,3,,92,65,70,80,55,98
0550-B,550,5,,3,,92,65,70,80,55,98
0550-C,550,5,0902-A,3,,92,65,70,80,55,98
0550-C,550,5,0902-B,3,,92,65,70,80,55,98
0551-A,551,5,0552-A,9,6,72,35,50,35,35,65
0552-A,552,5,0553-A,9,6,82,45,60,45,45,74
0553-A,553,5,,9,6,117,80,95,65,70,92
0554-A,554,5,0555-A,2,,90,45,70,15,45,50
0554-B,554,8,0555-C,10,,90,45,70,15,45,50
0555-A,555,5,,2,,140,55,105,30,55,95
0555-B,555,5,,2,14,30,105,105,140,105,55
0555-C,555,8,,10,,140,55,105,30,55,95
0555-D,555,8,,10,2,160,55,105,30,55,135
0556-A,556,5,,1,,86,67,75,106,67,60
0557-A,557,5,0558-A,4,15,65,85,50,35,35,55
0558-A,558,5,,4,15,105,125,70,65,75,45
0559-A,559,5,0560-A,6,13,75,70,50,35,70,48
0560-A,560,5,0560-AM,6,13,90,115,65,45,115,58
0560-AM,560,5,,6,13,130,135,65,55,135,68
0561-A,561,5,,14,18,58,80,72,103,80,97
0562-A,562,5,0563-A,16,,30,85,38,55,65,30
0562-B,562,8,0867-A,9,16,55,85,38,30,65,30
0563-A,563,5,,16,,50,145,58,95,105,30
0564-A,564,5,0565-A,3,15,78,103,54,53,45,22
0565-A,565,5,,3,15,108,133,74,83,65,32
0566-A,566,5,0567-A,15,18,112,45,55,74,45,70
0567-A,567,5,,15,18,140,65,75,112,65,110
0568-A,568,5,0569-A,7,,50,62,50,40,62,65
0569-A,569,5,,7,,95,82,80,60,82,75
0570-A,570,5,0571-A,6,,65,40,40,80,40,65
0570-B,570,9,0571-B,5,16,60,40,35,85,40,70
0571-A,571,5,,6,,105,60,60,120,60,105
0571-B,571,9,,5,16,100,60,55,125,60,110
0572-A,572,5,0573-A,5,,50,40,55,40,40,75
0573-A,573,5,,5,,95,60,75,65,60,115
0574-A,574,5,0575-A,14,,30,50,45,55,65,45
0575-A,575,5,0576-A,14,,45,70,60,75,85,55
0576-A,576,5,,14,,55,95,70,95,110,65
0577-A,577,5,0578-A,14,,30,40,45,105,50,20
0578-A,578,5,0579-A,14,,40,50,65,125,60,30
0579-A,579,5,,14,,65,75,110,125,85,30
0580-A,580,5,0581-A,3,18,44,50,62,44,50,55
0581-A,581,5,,3,18,87,63,75,87,63,98
0582-A,582,5,0583-A,10,,50,50,36,65,60,44
0583-A,583,5,0584-A,10,,65,65,51,80,75,59
0584-A,584,5,,10,,95,85,71,110,95,79
0585-A,585,5,0586-A,5,1,60,50,60,40,50,75
0586-A,586,5,,5,1,100,70,80,60,70,95
0587-A,587,5,,8,18,75,60,55,75,60,103
0588-A,588,5,0589-A,4,,75,45,50,40,45,60
0589-A,589,5,,4,12,135,105,70,60,105,20
0590-A,590,5,0591-A,1,7,55,45,69,55,55,15
0591-A,591,5,,1,7,85,70,114,85,80,30
0592-A,592,5,0593-A,3,16,40,50,55,65,85,40
0593-A,593,5,,3,16,60,70,100,85,105,60
0594-A,594,5,,3,,75,80,165,40,45,65
0595-A,595,5,0596-A,4,8,47,50,50,57,50,65
0596-A,596,5,,4,8,77,60,70,97,60,108
0597-A,597,5,0598-A,1,12,50,91,44,24,86,10
0598-A,598,5,,1,12,94,131,74,54,116,20
0599-A,599,5,0600-A,12,,55,70,40,45,60,30
0600-A,600,5,0601-A,12,,80,95,60,70,85,50
0601-A,601,5,,12,,100,115,60,70,85,90
0602-A,602,5,0603-A,8,,55,40,35,45,40,60
0603-A,603,5,0604-A,8,,85,70,65,75,70,40
0604-A,604,5,0604-AM,8,,115,80,85,105,80,50
0604-AM,604,5,,8,,145,80,85,135,90,80
0605-A,605,5,0606-A,14,,55,55,55,85,55,30
0606-A,606,5,,14,,75,75,75,125,95,40
0607-A,607,5,0608-A,16,2,30,55,50,65,55,20
0608-A,608,5,0609-A,16,2,40,60,60,95,60,55
0609-A,609,5,0609-AM,16,2,55,90,60,145,90,80
0609-AM,609,5,,16,2,75,110,60,175,110,80
0610-A,610,5,0611-A,17,,87,60,46,30,40,57
0611-A,611,5,0612-A,17,,117,70,66,40,50,67
0612-A,612,5,,17,,147,90,76,60,70,97
0613-A,613,5,0614-A,10,,70,40,55,60,40,40
0614-A,614,5,,10,,130,80,95,70,80,50
0615-A,615,5,,10,,50,50,80,95,135,105
0616-A,616,5,0617-A,4,,40,85,50,40,65,25
0617-A,617,5,,4,,70,40,80,100,60,145
0618-A,618,5,,9,8,66,84,109,81,99,32
0618-B,618,8,,9,12,81,99,109,66,84,32
0619-A,619,5,0620-A,13,,85,50,45,55,50,65
0620-A,620,5,,13,,125,60,65,95,60,105
0621-A,621,5,,17,,120,90,77,60,90,48
0622-A,622,5,0623-A,9,16,74,50,59,35,50,35
0623-A,623,5,0623-AM,9,16,124,80,89,55,80,55
0623-AM,623,5,,9,16,159,105,89,70,105,55
0624-A,624,5,0625-A,6,12,85,70,45,40,40,60
0625-A,625,5,0983-A,6,12,125,100,65,60,70,70
0626-A,626,5,,5,,110,95,95,40,95,55
0627-A,627,5,0628-A,5,18,83,50,70,37,50,60
0628-A,628,5,,5,18,123,75,100,57,75,80
0628-B,628,9,,14,18,83,70,110,112,70,65
0629-A,629,5,0630-A,6,18,55,75,70,45,65,60
0630-A,630,5,,6,18,65,105,110,55,95,80
0631-A,631,5,,2,,97,66,85,105,66,65
0632-A,632,5,,4,12,109,112,58,48,48,109
0633-A,633,5,0634-A,6,17,65,50,52,45,50,38
0634-A,634,5,0635-A,6,17,85,70,72,65,70,58
0635-A,635,5,,6,17,105,90,92,125,90,98
0636-A,636,5,0637-A,4,2,85,55,55,50,55,60
0637-A,637,5,,4,2,60,65,85,135,105,100
0638-A,638,5,,12,13,90,129,91,90,72,108
0639-A,639,5,,15,13,129,90,91,72,90,108
0640-A,640,5,,1,13,90,72,91,90,129,108
0641-A,641,5,,18,,115,70,79,125,80,111
0641-B,641,5,,18,,100,80,79,110,90,121
0642-A,642,5,,8,18,115,70,79,125,80,111
0642-B,642,5,,8,18,105,70,79,145,80,101
0643-A,643,5,,17,2,120,100,100,150,120,90
0644-A,644,5,,17,8,150,120,100,120,100,90
0645-A,645,5,,9,18,125,90,89,115,80,101
0645-B,645,5,,9,18,145,90,89,105,80,91
0646-A,646,5,,17,10,130,90,125,130,90,95
0646-B,646,5,,17,10,170,100,125,120,90,95
0646-C,646,5,,17,10,120,90,125,170,100,95
0647-A,647,5,,3,13,72,90,91,129,90,108
0647-B,647,5,,3,13,72,90,91,129,90,108
0648-A,648,5,,5,14,77,77,100,128,128,90
0648-B,648,5,,5,13,128,90,100,77,77,128
0649-A,649,5,,4,12,120,95,71,120,95,99
0650-A,650,6,0651-A,1,,61,65,56,48,45,38
0651-A,651,6,0652-A,1,,78,95,61,56,58,57
0652-A,652,6,0652-AM,1,13,107,122,88,74,75,64
0652-AM,652,6,,1,13,137,172,88,74,115,44
0653-A,653,6,0654-A,2,,45,40,40,62,60,60
0654-A,654,6,0655-A,2,,59,58,59,90,70,73
0655-A,655,6,0655-AM,2,14,69,72,75,114,100,104
0655-AM,655,6,,2,14,69,72,75,159,125,134
0656-A,656,6,0657-A,3,,56,40,41,62,44,71
0657-A,657,6,0658-A,3,,63,52,54,83,56,97
0658-A,658,6,0658-AM,3,6,95,67,72,103,71,122
0658-AM,658,6,,3,6,125,77,72,133,81,142
0658-B,658,6,,3,6,95,67,72,103,71,122
0658-C,658,6,,3,6,145,67,72,153,71,132
0659-A,659,6,0660-A,5,,36,38,38,32,36,57
0660-A,660,6,,5,9,56,77,85,50,77,78
0661-A,661,6,0662-A,5,18,50,43,45,40,38,62
0662-A,662,6,0663-A,2,18,73,55,62,56,52,84
0663-A,663,6,,2,18,81,71,78,74,69,126
0664-A,664,6,0665-A,4,,35,40,38,27,25,35
0665-A,665,6,0666-A,4,,22,60,45,27,30,29
0666-A,666,6,,4,18,52,50,80,90,50,89
0667-A,667,6,0668-A,2,5,50,58,62,73,54,72
0668-A,668,6,0668-AM,2,5,68,72,86,109,66,106
0668-AM,668,6,,2,5,88,92,86,129,86,126
0669-A,669,6,0670-A,11,,38,39,44,61,79,42
0669-A,669,6,0670-B,11,,38,39,44,61,79,42
0670-A,670,6,0671-A,11,,45,47,54,75,98,52
0670-B,670,6,0670-BM,11,,65,67,74,125,128,92
0670-BM,670,6,,11,,85,87,74,155,148,102
0671-A,671,6,,11,,65,68,78,112,154,75
0672-A,672,6,0673-A,1,,65,48,66,62,57,52
0673-A,673,6,,1,,100,62,123,97,81,68
0674-A,674,6,0675-A,13,,82,62,67,46,48,43
0675-A,675,6,,13,6,124,78,95,69,71,58
0676-A,676,6,,5,,80,60,75,65,90,102
0677-A,677,6,0678-A,14,,48,54,62,63,60,68
0677-A,677,6,0678-B,14,,48,54,62,63,60,68
0678-A,678,6,0678-ABM,14,,48,76,74,83,81,104
0678-ABM,678,6,,14,,48,76,74,143,101,124
0678-B,678,6,0678-ABM,14,,48,76,74,83,81,104
0679-A,679,6,0680-A,12,16,80,100,45,35,37,28
0680-A,680,6,0681-A,12,16,110,150,59,45,49,35
0681-A,681,6,,12,16,50,140,60,50,140,60
0681-B,681,6,,12,16,140,50,60,140,50,60
0682-A,682,6,0683-A,11,,52,60,78,63,65,23
0683-A,683,6,,11,,72,72,101,99,89,29
0684-A,684,6,0685-A,11,,48,66,62,59,57,49
0685-A,685,6,,11,,80,86,82,85,75,72
0686-A,686,6,0687-A,6,14,54,53,53,37,46,45
0687-A,687,6,0687-AM,6,14,92,88,86,68,75,73
0687-AM,687,6,,6,14,102,88,86,98,120,88
0688-A,688,6,0689-A,15,3,52,67,42,39,56,50
0689-A,689,6,0689-AM,15,3,105,115,72,54,86,68
0689-AM,689,6,,15,13,140,130,72,64,106,88
0690-A,690,6,0691-A,7,3,60,60,50,60,60,30
0691-A,691,6,0691-AM,7,17,75,90,65,97,123,44
0691-AM,691,6,,7,17,85,105,65,132,163,44
0692-A,692,6,0693-A,3,,53,62,50,58,63,44
0693-A,693,6,,3,,73,88,71,120,89,59
0694-A,694,6,0695-A,8,5,38,33,44,61,43,70
0695-A,695,6,,8,5,55,52,62,109,94,109
0696-A,696,6,0697-A,15,17,89,77,58,45,45,48
0697-A,697,6,,15,17,121,119,82,69,59,71
0698-A,698,6,0699-A,15,10,59,50,77,67,63,46
0699-A,699,6,,15,10,77,72,123,99,92,58
0700-A,700,6,,11,,65,65,95,110,130,60
0701-A,701,6,0701-AM,13,18,92,75,78,74,63,118
0701-AM,701,6,,13,18,137,100,78,74,93,118
0702-A,702,6,,8,11,58,57,67,81,67,101
0703-A,703,6,,15,11,50,150,50,50,150,50
0704-A,704,6,0705-A,17,,50,35,45,55,75,40
0705-A,705,6,0706-A,17,,75,53,68,83,113,60
0705-B,705,9,0706-B,12,17,75,83,58,83,113,40
0706-A,706,6,,17,,100,70,90,110,150,80
0706-B,706,9,,12,17,100,100,80,110,150,60
0707-A,707,6,,12,11,80,91,57,80,87,75
0708-A,708,6,0709-A,16,1,70,48,43,50,60,38
0709-A,709,6,,16,1,110,76,85,65,82,56
0710-A,710,6,0711-A,16,1,66,70,49,44,55,51
0710-B,710,6,0711-B,16,1,66,70,44,44,55,56
0710-C,710,6,0711-C,16,1,66,70,54,44,55,46
0710-D,710,6,0711-D,16,1,66,70,59,44,55,41
0711-A,711,6,,16,1,90,122,65,58,75,84
0711-B,711,6,,16,1,85,122,55,58,75,99
0711-C,711,6,,16,1,95,122,75,58,75,69
0711-D,711,6,,16,1,100,122,85,58,75,54
0712-A,712,6,0713-A,10,,69,85,55,32,35,28
0712-A,712,6,0713-B,10,,69,85,55,32,35,28
0713-A,713,6,,10,,117,184,95,44,46,28
0713-B,713,9,,10,15,127,184,95,34,36,38
0714-A,714,6,0715-A,18,17,30,35,40,45,40,55
0715-A,715,6,,18,17,70,80,85,97,80,123
0716-A,716,6,,11,,131,95,126,131,98,99
0717-A,717,6,,6,18,131,95,126,131,98,99
0718-A,718,6,,17,9,100,121,108,81,95,95
0718-B,718,6,,17,9,100,71,54,61,85,115
0718-C,718,6,,17,9,100,121,108,81,95,95
0718-D,718,6,0718-DM,17,9,100,121,216,91,95,85
0718-DM,718,6,,17,9,70,91,216,216,85,100
0718-E,718,6,,17,9,100,71,54,61,85,115
0719-A,719,6,0719-AM,15,11,100,150,50,100,150,50
0719-AM,719,6,,15,11,160,110,50,160,110,110
0720-A,720,6,,14,16,110,60,80,150,130,70
0720-B,720,6,,14,6,160,60,80,170,130,80
0721-A,721,6,,2,3,110,120,80,130,90,70
0722-A,722,7,0723-A,1,18,55,55,68,50,50,42
0723-A,723,7,0724-A,1,18,75,75,78,70,70,52
0723-A,723,7,0724-B,1,18,75,75,78,70,70,52
0724-A,724,7,,1,16,107,75,78,100,100,70
0724-B,724,9,,1,13,112,80,88,95,95,60
0725-A,725,7,0726-A,2,,65,40,45,60,40,70
0726-A,726,7,0727-A,2,,85,50,65,80,50,90
0727-A,727,7,,2,6,115,90,95,80,90,60
0728-A,728,7,0729-A,3,,54,54,50,66,56,40
0729-A,729,7,0730-A,3,,69,69,60,91,81,50
0730-A,730,7,,3,11,74,74,80,126,116,60
0731-A,731,7,0732-A,5,18,75,30,35,30,30,65
0732-A,732,7,0733-A,5,18,85,50,55,40,50,75
0733-A,733,7,,5,18,120,75,80,75,75,60
0734-A,734,7,0735-A,5,,70,30,48,30,30,45
0735-A,735,7,,5,,110,60,88,55,60,45
0736-A,736,7,0737-A,4,,62,45,47,55,45,46
0737-A,737,7,0738-A,4,8,82,95,57,55,75,36
0738-A,738,7,,4,8,70,90,77,145,75,43
0739-A,739,7,0740-A,13,,82,57,47,42,47,63
0740-A,740,7,0740-AM,13,10,132,77,97,62,67,43
0740-AM,740,7,,13,10,157,122,97,62,107,33
0741-A,741,7,,2,18,70,70,75,98,70,93
0741-B,741,7,,8,18,70,70,75,98,70,93
0741-C,741,7,,14,18,70,70,75,98,70,93
0741-D,741,7,,16,18,70,70,75,98,70,93
0742-A,742,7,0743-A,4,11,45,40,40,55,40,84
0743-A,743,7,,4,11,55,60,60,95,70,124
0744-A,744,7,0745-A,15,,65,40,45,30,40,60
0744-A,744,7,0745-B,15,,65,40,45,30,40,60
0744-A,744,7,0745-C,15,,65,40,45,30,40,60
0745-A,745,7,,15,,115,65,75,55,65,112
0745-B,745,7,,15,,115,75,85,55,75,82
0745-C,745,7,,15,,117,65,75,55,65,110
0746-A,746,7,,3,,20,20,45,25,25,40
0746-B,746,7,,3,,140,130,45,140,135,30
0747-A,747,7,0748-A,7,3,53,62,50,43,52,45
0748-A,748,7,,7,3,63,152,50,53,142,35
0749-A,749,7,0750-A,9,,100,70,70,45,55,45
0750-A,750,7,,9,,125,100,100,55,85,35
0751-A,751,7,0752-A,3,4,40,52,38,40,72,27
0752-A,752,7,,3,4,70,92,68,50,132,42
0753-A,753,7,0754-A,1,,55,35,40,50,35,35
0754-A,754,7,,1,,105,90,70,80,90,45
0755-A,755,7,0756-A,1,11,35,55,40,65,75,15
0756-A,756,7,,1,11,45,80,60,90,100,30
0757-A,757,7,0758-A,7,2,44,40,48,71,40,77
0758-A,758,7,,7,2,64,60,68,111,60,117
0759-A,759,7,0760-A,5,13,75,50,70,45,50,50
0760-A,760,7,,5,13,125,80,120,55,60,60
0761-A,761,7,0762-A,1,,30,38,42,30,38,32
0762-A,762,7,0763-A,1,,40,48,52,40,48,62
0763-A,763,7,,1,,120,98,72,50,98,72
0764-A,764,7,,11,,52,90,51,82,110,100
0765-A,765,7,,5,14,60,80,90,90,110,60
0766-A,766,7,,13,,120,90,100,40,60,80
0767-A,767,7,0768-A,4,3,35,40,25,20,30,80
0768-A,768,7,0768-AM,4,3,125,140,75,60,90,40
0768-AM,768,7,,4,12,150,175,75,70,120,40
0769-A,769,7,0770-A,16,9,55,80,55,70,45,15
0770-A,770,7,,16,9,75,110,85,100,75,35
0771-A,771,7,,3,,60,130,55,30,130,5
0772-A,772,7,0773-A,5,,95,95,95,95,95,59
0773-A,773,7,,5,,95,95,95,95,95,95
0774-A,774,7,,15,18,60,100,60,60,100,60
0774-B,774,7,,15,18,60,100,60,60,100,60
0774-C,774,7,,15,18,60,100,60,60,100,60
0774-D,774,7,,15,18,60,100,60,60,100,60
0774-E,774,7,,15,18,60,100,60,60,100,60
0774-F,774,7,,15,18,60,100,60,60,100,60
0774-G,774,7,,15,18,60,100,60,60,100,60
0774-H,774,7,,15,18,100,60,60,100,60,120
0774-I,774,7,,15,18,100,60,60,100,60,120
0774-J,774,7,,15,18,100,60,60,100,60,120
0774-K,774,7,,15,18,100,60,60,100,60,120
0774-L,774,7,,15,18,100,60,60,100,60,120
0774-M,774,7,,15,18,100,60,60,100,60,120
0774-N,774,7,,15,18,100,60,60,100,60,120
0775-A,775,7,,5,,115,65,65,75,95,65
0776-A,776,7,,2,17,78,135,60,91,85,36
0777-A,777,7,,8,12,98,63,65,40,73,96
0778-A,778,7,,16,11,90,80,55,50,105,96
0778-B,778,7,,16,11,90,80,55,50,105,96
0779-A,779,7,,3,14,105,70,68,70,70,92
0780-A,780,7,0780-AM,5,17,60,85,78,135,91,36
0780-AM,780,7,,5,17,85,110,78,160,116,36
0781-A,781,7,,16,1,131,100,70,86,90,40
0782-A,782,7,0783-A,17,,55,65,45,45,45,45
0783-A,783,7,0784-A,17,13,75,90,55,65,70,65
0784-A,784,7,,17,13,110,125,75,100,105,85
0785-A,785,7,,8,11,115,85,70,95,75,130
0786-A,786,7,,14,11,85,75,70,130,115,95
0787-A,787,7,,1,11,130,115,70,85,95,75
0788-A,788,7,,3,11,75,115,70,95,130,85
0789-A,789,7,0790-A,14,,29,31,43,29,31,37
0790-A,790,7,0792-A,14,,29,131,43,29,131,37
0790-A,790,7,0791-A,14,,29,131,43,29,131,37
0791-A,791,7,,14,12,137,107,137,113,89,97
0792-A,792,7,,14,16,113,89,137,137,107,97
0793-A,793,7,,15,7,53,47,109,127,131,103
0794-A,794,7,,4,13,139,139,107,53,53,79
0795-A,795,7,,4,13,137,37,71,137,37,151
0796-A,796,7,,8,,89,71,83,173,71,83
0797-A,797,7,,12,18,101,103,97,107,101,61
0798-A,798,7,,1,12,181,131,59,59,31,109
0799-A,799,7,,6,17,101,53,223,97,53,43
0800-A,800,7,,14,,107,101,97,127,89,79
0800-B,800,7,,14,12,157,127,97,113,109,77
0800-C,800,7,,14,16,113,109,97,157,127,77
0800-D,800,7,,14,17,167,97,97,167,97,129
0801-A,801,7,0801-AM,12,11,95,115,80,130,115,65
0801-AM,801,7,,12,11,125,115,80,170,115,95
0801-B,801,7,0801-BM,12,11,95,115,80,130,115,65
0801-BM,801,7,,12,11,125,115,80,170,115,95
0802-A,802,7,,13,16,125,80,90,90,90,125
0803-A,803,7,0804-A,7,,73,67,67,73,67,73
0804-A,804,7,,7,17,73,73,73,127,73,121
0805-A,805,7,,15,12,131,211,61,53,101,13
0806-A,806,7,,2,16,127,53,53,151,79,107
0807-A,807,7,0807-AM,8,,112,75,88,102,80,143
0807-AM,807,7,,8,,157,75,88,147,80,153
0808-A,808,7,0809-A,12,,65,65,46,55,35,34
0809-A,809,7,,12,,143,143,135,80,65,34
0810-A,810,8,0811-A,1,,65,50,50,40,40,65
0811-A,811,8,0812-A,1,,85,70,70,55,60,80
0812-A,812,8,,1,,125,90,100,60,70,85
0813-A,813,8,0814-A,2,,71,40,50,40,40,69
0814-A,814,8,0815-A,2,,86,60,65,55,60,94
0815-A,815,8,,2,,116,75,80,65,75,119
0816-A,816,8,0817-A,3,,40,40,50,70,40,70
0817-A,817,8,0818-A,3,,60,55,65,95,55,90
0818-A,818,8,,3,,85,65,70,125,65,120
0819-A,819,8,0820-A,5,,55,55,70,35,35,25
0820-A,820,8,,5,,95,95,120,55,75,20
0821-A,821,8,0822-A,18,,47,35,38,33,35,57
0822-A,822,8,0823-A,18,,67,55,68,43,55,77
0823-A,823,8,,18,12,87,105,98,53,85,67
0824-A,824,8,0825-A,4,,20,20,25,25,45,45
0825-A,825,8,0826-A,4,14,35,80,50,50,90,30
0826-A,826,8,,4,14,45,110,60,80,120,90
0827-A,827,8,0828-A,6,,28,28,40,47,52,50
0828-A,828,8,,6,,58,58,70,87,92,90
0829-A,829,8,0830-A,1,,40,60,40,40,60,10
0830-A,830,8,,1,,50,90,60,80,120,60
0831-A,831,8,0832-A,5,,40,55,42,40,45,48
0832-A,832,8,,5,,80,100,72,60,90,88
0833-A,833,8,0834-A,3,,64,50,50,38,38,44
0834-A,834,8,,3,15,115,90,90,48,68,74
0835-A,835,8,0836-A,8,,45,50,59,40,50,26
0836-A,836,8,,8,,90,60,69,90,60,121
0837-A,837,8,0838-A,15,,40,50,30,40,50,30
0838-A,838,8,0839-A,15,2,60,90,80,60,70,50
0839-A,839,8,,15,2,80,120,110,80,90,30
0840-A,840,8,0842-A,1,17,40,80,40,40,40,20
0840-A,840,8,1011-A,1,17,40,80,40,40,40,20
0840-A,840,8,0841-A,1,17,40,80,40,40,40,20
0841-A,841,8,,1,17,110,80,70,95,60,70
0842-A,842,8,,1,17,85,80,110,100,80,30
0843-A,843,8,0844-A,9,,57,75,52,35,50,46
0844-A,844,8,,9,,107,125,72,65,70,71
0845-A,845,8,,18,3,85,55,70,85,95,85
0845-B,845,8,,18,3,85,55,70,85,95,85
0845-C,845,8,,18,3,85,55,70,85,95,85
0846-A,846,8,0847-A,3,,63,40,41,40,30,66
0847-A,847,8,,3,,123,60,61,60,50,136
0848-A,848,8,0849-A,8,7,38,35,40,54,35,40
0848-A,848,8,0849-B,8,7,38,35,40,54,35,40
0849-A,849,8,,8,7,98,70,75,114,70,75
0849-B,849,8,,8,7,98,70,75,114,70,75
0850-A,850,8,0851-A,2,4,65,45,50,50,50,45
0851-A,851,8,,2,4,115,65,100,90,90,65
0852-A,852,8,0853-A,13,,68,60,50,50,50,32
0853-A,853,8,,13,,118,90,80,70,80,42
0854-A,854,8,0855-A,16,,45,45,40,74,54,50
0855-A,855,8,,16,,65,65,60,134,114,70
0856-A,856,8,0857-A,14,,30,45,42,56,53,39
0857-A,857,8,0858-A,14,,40,65,57,86,73,49
0858-A,858,8,,14,11,90,95,57,136,103,29
0859-A,859,8,0860-A,6,11,45,30,45,55,40,50
0860-A,860,8,0861-A,6,11,60,45,65,75,55,70
0861-A,861,8,,6,11,120,65,95,95,75,60
0862-A,862,8,,6,5,90,101,93,60,81,95
0863-A,863,8,,12,,110,100,70,50,60,50
0864-A,864,8,,16,,95,50,60,145,130,30
0865-A,865,8,,13,,135,95,62,68,82,65
0866-A,866,8,,10,14,85,75,80,110,100,70
0867-A,867,8,,9,16,95,145,58,50,105,30
0868-A,868,8,0869-A,11,,40,40,45,50,61,34
0869-A,869,8,,11,,60,75,65,110,121,64
0870-A,870,8,0870-AM,13,,100,100,65,70,60,75
0870-AM,870,8,,13,,135,135,65,70,65,100
0871-A,871,8,,8,,101,95,48,91,85,15
0872-A,872,8,0873-A,10,4,25,35,30,45,30,20
0873-A,873,8,,10,4,65,60,70,125,90,65
0874-A,874,8,,15,,125,135,100,20,20,70
0875-A,875,8,,10,,80,110,75,65,90,50
0875-B,875,8,,10,,80,70,75,65,50,130
0876-A,876,8,,14,5,65,55,60,105,95,95
0876-B,876,8,,14,5,55,65,70,95,105,85
0877-A,877,8,,8,6,95,58,58,70,58,97
0877-B,877,8,,8,6,95,58,58,70,58,97
0878-A,878,8,0879-A,12,,80,49,72,40,49,40
0879-A,879,8,,12,,130,69,122,80,69,30
0880-A,880,8,,8,17,100,90,90,80,70,75
0881-A,881,8,,8,10,100,90,90,90,80,55
0882-A,882,8,,3,17,90,100,90,70,80,75
0883-A,883,8,,3,10,90,100,90,80,90,55
0884-A,884,8,1018-A,12,17,95,115,70,120,50,85
0885-A,885,8,0886-A,17,16,60,30,28,40,30,82
0886-A,886,8,0887-A,17,16,80,50,68,60,50,102
0887-A,887,8,,17,16,120,75,88,100,75,142
0888-A,888,8,,11,,120,115,92,80,115,138
0888-B,888,8,,11,12,150,115,92,80,115,148
0889-A,889,8,,13,,120,115,92,80,115,138
0889-B,889,8,,13,12,120,140,92,80,140,128
0890-A,890,8,,7,17,85,95,140,145,95,130
0890-B,890,8,,7,17,115,250,255,125,250,130
0891-A,891,8,0892-A,13,,90,60,60,53,50,72
0891-A,891,8,0892-B,13,,90,60,60,53,50,72
0892-A,892,8,,13,6,130,100,100,63,60,97
0892-B,892,8,,13,3,130,100,100,63,60,97
0893-A,893,8,,6,1,120,105,105,70,95,105
0893-B,893,8,,6,1,120,105,105,70,95,105
0894-A,894,8,,8,,100,50,80,100,50,200
0895-A,895,8,,17,,100,50,200,100,50,80
0896-A,896,8,,10,,145,130,100,65,110,30
0897-A,897,8,,16,,65,60,100,145,80,130
0898-A,898,8,,14,1,80,80,100,80,80,80
0898-B,898,8,,14,10,165,150,100,85,130,50
0898-C,898,8,,14,16,85,80,100,165,100,150
0899-A,899,8,,5,14,105,72,103,105,75,65
0900-A,900,8,,4,15,135,95,70,45,70,85
0901-A,901,8,,9,5,140,105,130,45,80,50
0901-B,901,8,,9,5,70,120,113,135,65,52
0902-A,902,8,,3,16,112,65,120,80,75,78
0902-B,902,8,,3,16,92,65,120,100,75,78
0903-A,903,8,,13,7,130,60,80,40,80,120
0904-A,904,8,,6,7,115,95,85,65,65,85
0905-A,905,8,,11,18,115,70,74,135,80,106
0905-B,905,8,,11,18,115,110,74,135,100,46
0906-A,906,10,0907-A,1,,61,54,40,45,45,65
0907-A,907,10,0908-A,1,,80,63,61,60,63,83
0908-A,908,10,,1,6,110,70,76,81,70,123
0909-A,909,10,0910-A,2,,45,59,67,63,40,36
0910-A,910,10,0911-A,2,,55,78,81,90,58,49
0911-A,911,10,,2,16,75,100,104,110,75,66
0912-A,912,10,0913-A,3,,65,45,55,50,45,50
0913-A,913,10,0914-A,3,,85,65,70,65,60,65
0914-A,914,10,,3,13,120,80,85,85,75,85
0915-A,915,10,0916-A,5,,45,40,54,35,45,35
0916-A,916,10,,5,,100,75,110,59,80,65
0916-B,916,10,,5,,90,70,115,59,90,65
0917-A,917,10,0918-A,4,,41,45,35,29,40,20
0918-A,918,10,,4,,79,92,60,52,86,35
0919-A,919,10,0920-A,4,,46,40,33,21,25,45
0920-A,920,10,,4,6,102,78,71,52,55,92
0921-A,921,10,0922-A,8,,50,20,45,40,25,60
0922-A,922,10,0923-A,8,13,75,40,60,50,40,85
0923-A,923,10,,8,13,115,70,70,70,60,105
0924-A,924,10,0925-A,5,,50,45,50,40,45,75
0925-A,925,10,,5,,75,70,74,65,75,111
0925-B,925,10,,5,,75,70,74,65,75,111
0926-A,926,10,0927-A,11,,55,70,37,30,55,65
0927-A,927,10,,11,,80,115,57,50,80,95
0928-A,928,10,0929-A,1,5,35,45,41,58,51,30
0929-A,929,10,0930-A,1,5,53,60,52,78,78,33
0930-A,930,10,,1,5,69,90,78,125,109,39
0931-A,931,10,,5,18,96,51,82,45,51,92
0931-B,931,10,,5,18,96,51,82,45,51,92
0931-C,931,10,,5,18,96,51,82,45,51,92
0931-D,931,10,,5,18,96,51,82,45,51,92
0932-A,932,10,0933-A,15,,55,75,55,35,35,25
0933-A,933,10,0934-A,15,,60,100,60,35,65,35
0934-A,934,10,,15,,100,130,100,45,90,35
0935-A,935,10,0936-A,2,,50,40,40,50,40,35
0935-A,935,10,0937-A,2,,50,40,40,50,40,35
0936-A,936,10,,2,14,60,100,85,125,80,75
0937-A,937,10,,2,16,125,80,75,60,100,85
0938-A,938,10,0939-A,8,,31,41,61,59,35,45
0939-A,939,10,,8,,64,91,109,103,83,45
0940-A,940,10,0941-A,8,18,40,35,40,55,40,70
0941-A,941,10,,8,18,70,60,70,105,60,125
0942-A,942,10,0943-A,6,,78,60,60,40,51,51
0943-A,943,10,,6,,120,90,80,60,70,85
0944-A,944,10,0945-A,7,5,65,35,40,40,35,75
0945-A,945,10,,7,5,95,65,63,80,72,110
0946-A,946,10,0947-A,1,16,65,30,40,45,35,60
0947-A,947,10,,1,16,115,70,55,80,70,90
0948-A,948,10,0949-A,9,1,40,35,40,50,100,70
0949-A,949,10,,9,1,70,65,80,80,120,100
0950-A,950,10,,15,,100,115,70,35,55,75
0951-A,951,10,0952-A,1,,62,40,50,62,40,50
0952-A,952,10,0952-AM,1,2,108,65,65,108,65,75
0952-AM,952,10,,1,2,138,85,65,138,85,75
0953-A,953,10,0954-A,4,,50,60,41,31,58,30
0954-A,954,10,,4,14,50,85,75,115,100,45
0955-A,955,10,0956-A,14,,35,30,30,55,30,75
0956-A,956,10,,14,,60,60,95,101,60,105
0957-A,957,10,0958-A,11,12,45,45,50,35,64,58
0958-A,958,10,0959-A,11,12,55,55,65,45,82,78
0959-A,959,10,,11,12,75,77,85,70,105,94
0960-A,960,10,0961-A,3,,55,25,10,35,25,95
0961-A,961,10,,3,,100,50,35,50,70,120
0962-A,962,10,,18,6,103,85,70,60,85,82
0963-A,963,10,0964-A,3,,45,40,70,45,40,75
0964-A,964,10,,3,,70,72,100,53,62,100
0964-B,964,10,,3,,160,97,100,106,87,100
0965-A,965,10,0966-A,12,7,70,63,45,30,45,47
0966-A,966,10,,12,7,119,90,80,54,67,90
0967-A,967,10,,17,5,95,65,70,85,65,121
0968-A,968,10,,12,,85,145,70,60,55,65
0969-A,969,10,0970-A,15,7,35,42,48,105,60,60
0970-A,970,10,0970-AM,15,7,55,90,83,130,81,86
0970-AM,970,10,,15,7,90,105,83,150,96,101
0971-A,971,10,0972-A,16,,61,60,50,30,55,34
0972-A,972,10,,16,,101,100,72,50,97,68
0973-A,973,10,,18,13,115,74,82,75,64,90
0974-A,974,10,0975-A,10,,68,45,108,30,40,43
0975-A,975,10,,10,,113,65,170,45,55,73
0976-A,976,10,,3,14,102,73,90,78,65,70
0977-A,977,10,,3,,100,115,150,65,65,35
0978-A,978,10,0978-AM,17,3,50,60,68,120,95,82
0978-AM,978,10,,17,3,65,90,68,135,125,92
0978-B,978,10,0978-BM,17,3,50,60,68,120,95,82
0978-BM,978,10,,17,3,65,90,68,135,125,92
0978-C,978,10,0978-CM,17,3,50,60,68,120,95,82
0978-CM,978,10,,17,3,65,90,68,135,125,92
0979-A,979,10,,13,16,115,80,110,50,90,90
0980-A,980,10,,7,9,75,60,130,45,100,20
0981-A,981,10,,5,14,90,70,120,110,70,60
0982-A,982,10,,5,,100,80,125,85,75,55
0982-B,982,10,,5,,100,80,125,85,75,55
0983-A,983,10,,6,12,135,120,100,60,85,50
0984-A,984,10,,9,13,131,131,115,53,53,87
0985-A,985,10,,11,14,65,99,115,65,115,111
0986-A,986,10,,1,6,127,99,111,79,99,55
0987-A,987,10,,16,11,55,55,55,135,135,135
0988-A,988,10,,4,13,135,79,85,85,105,81
0989-A,989,10,,8,9,81,97,85,121,85,101
0990-A,990,10,,9,12,112,120,90,72,70,106
0991-A,991,10,,10,3,80,114,56,124,60,136
0992-A,992,10,,13,8,140,108,154,50,68,50
0993-A,993,10,,6,18,80,86,94,122,80,108
0994-A,994,10,,2,7,70,60,80,140,110,110
0995-A,995,10,,15,8,134,110,100,70,84,72
0996-A,996,10,0997-A,17,10,75,45,65,35,45,55
0997-A,997,10,0998-A,17,10,95,66,90,45,65,62
0998-A,998,10,0998-AM,17,10,145,92,115,75,86,87
0998-AM,998,10,,17,10,175,117,115,105,101,87
0999-A,999,10,1000-A,16,,30,70,45,75,70,10
0999-B,999,10,1000-A,16,,30,25,45,75,45,80
1000-A,1000,10,,12,16,60,95,87,133,91,84
1001-A,1001,10,,6,1,85,100,85,95,135,70
1002-A,1002,10,,6,10,120,80,80,90,65,135
1003-A,1003,10,,6,9,110,125,155,55,80,45
1004-A,1004,10,,6,2,80,80,55,135,120,100
1005-A,1005,10,,17,6,139,71,105,55,101,119
1006-A,1006,10,,11,13,130,90,74,120,60,116
1007-A,1007,10,,13,17,135,115,100,85,100,135
1007-B,1007,10,,13,17,135,115,100,85,100,135
1007-C,1007,10,,13,17,135,115,100,85,100,135
1007-D,1007,10,,13,17,135,115,100,85,100,135
1007-E,1007,10,,13,17,135,115,100,85,100,135
1008-A,1008,10,,8,17,85,100,100,135,115,135
1008-B,1008,10,,8,17,85,100,100,135,115,135
1008-C,1008,10,,8,17,85,100,100,135,115,135
1008-D,1008,10,,8,17,85,100,100,135,115,135
1008-E,1008,10,,8,17,85,100,100,135,115,135
1009-A,1009,10,,3,17,83,91,99,125,83,109
1010-A,1010,10,,1,14,130,88,90,70,108,104
1011-A,1011,10,1019-A,1,17,80,110,80,95,80,40
1012-A,1012,10,1013-A,1,16,45,45,40,74,54,50
1013-A,1013,10,,1,16,60,106,71,121,80,70
1014-A,1014,10,,7,13,128,115,88,58,86,80
1015-A,1015,10,,7,14,75,66,88,130,90,106
1016-A,1016,10,,7,11,91,82,88,70,125,99
1017-A,1017,10,,1,,120,84,80,60,96,110
1017-B,1017,10,,1,3,120,84,80,60,96,110
1017-C,1017,10,,1,2,120,84,80,60,96,110
1017-D,1017,10,,1,15,120,84,80,60,96,110
1018-A,1018,10,,12,17,105,130,90,125,65,85
1019-A,1019,10,,1,17,80,110,106,120,80,44
1020-A,1020,10,,2,17,115,121,105,65,93,91
1021-A,1021,10,,8,17,73,91,125,137,89,75
1022-A,1022,10,,15,14,120,80,90,68,108,124
1023-A,1023,10,,12,14,72,100,90,122,108,98
1024-A,1024,10,,5,,65,85,90,65,85,60
1024-B,1024,10,,5,,95,110,95,105,110,85
1024-C,1024,10,,5,,105,110,160,130,110,85
1025-A,1025,10,,7,16,88,160,88,88,88,88
